{
    "attributes": {
        "leaf_extend": 0, 
        "leaf_width": 0, 
        "name": "Skeleton", 
        "node_width": 4.7564255237786544, 
        "sub_level": 0
    }, 
    "dea": {
        "type": null
    }, 
    "dfa": {}, 
    "dva": {
        "transform": [
            0, 
            0, 
            0
        ], 
        "type": null, 
        "x": 0.0, 
        "y": 0.0, 
        "z": 0.0
    }, 
    "edgedata": {
        "(0, 1)": {}, 
        "(0, 2)": {}, 
        "(0, 3)": {}, 
        "(0, 4)": {}, 
        "(1, 2)": {}, 
        "(1, 4)": {}, 
        "(2, 3)": {}, 
        "(3, 4)": {}
    }, 
    "face": {
        "0": [
            "0", 
            "1", 
            "2"
        ], 
        "1": [
            "0", 
            "2", 
            "3"
        ], 
        "2": [
            "0", 
            "3", 
            "4"
        ], 
        "3": [
            "0", 
            "4", 
            "1"
        ]
    }, 
    "facedata": {
        "0": {}, 
        "1": {}, 
        "2": {}, 
        "3": {}
    }, 
    "max_int_fkey": 3, 
    "max_int_key": 4, 
    "vertex": {
        "0": {
            "type": "skeleton_node", 
            "x": -53.392129962732433, 
            "y": -10.131834680431808, 
            "z": 0.0
        }, 
        "1": {
            "x": -48.63570443895378, 
            "y": -10.131834680431808, 
            "z": 0.0
        }, 
        "2": {
            "x": -53.392129962732433, 
            "y": -5.3754091566531539, 
            "z": 0.0
        }, 
        "3": {
            "x": -58.148555486511086, 
            "y": -10.131834680431808, 
            "z": 0.0
        }, 
        "4": {
            "x": -53.392129962732433, 
            "y": -14.888260204210463, 
            "z": 0.0
        }
    }
}