{
    "attributes": {
        "leaf_extend": -0.48323759481531081, 
        "leaf_width": 1.6059663636629447, 
        "name": "Skeleton", 
        "node_width": 2.7019655307187267, 
        "sub_level": 0
    }, 
    "dea": {
        "type": null
    }, 
    "dfa": {}, 
    "dva": {
        "transform": null, 
        "type": null, 
        "x": 0.0, 
        "y": 0.0, 
        "z": 0.0
    }, 
    "edgedata": {
        "(0, 3)": {
            "type": "skeleton_branch"
        }, 
        "(0, 7)": {}, 
        "(0, 8)": {}, 
        "(1, 10)": {}, 
        "(1, 3)": {
            "type": "skeleton_branch"
        }, 
        "(1, 9)": {}, 
        "(2, 11)": {}, 
        "(2, 12)": {}, 
        "(2, 3)": {
            "type": "skeleton_branch"
        }, 
        "(3, 4)": {}, 
        "(3, 5)": {}, 
        "(3, 6)": {}, 
        "(4, 8)": {}, 
        "(4, 9)": {}, 
        "(5, 10)": {}, 
        "(5, 11)": {}, 
        "(6, 12)": {}, 
        "(6, 7)": {}
    }, 
    "face": {
        "0": [
            "0", 
            "3", 
            "6", 
            "7"
        ], 
        "1": [
            "1", 
            "3", 
            "4", 
            "9"
        ], 
        "2": [
            "2", 
            "3", 
            "5", 
            "11"
        ], 
        "3": [
            "3", 
            "0", 
            "8", 
            "4"
        ], 
        "4": [
            "3", 
            "1", 
            "10", 
            "5"
        ], 
        "5": [
            "3", 
            "2", 
            "12", 
            "6"
        ]
    }, 
    "facedata": {
        "0": {}, 
        "1": {}, 
        "2": {}, 
        "3": {}, 
        "4": {}, 
        "5": {}
    }, 
    "max_int_fkey": 5, 
    "max_int_key": 12, 
    "vertex": {
        "0": {
            "neighbors": [
                3
            ], 
            "type": "skeleton_leaf", 
            "x": 11.280809322033173, 
            "y": 1.2758620689655176, 
            "z": 0.0
        }, 
        "1": {
            "neighbors": [
                3
            ], 
            "type": "skeleton_leaf", 
            "x": 19.614458391524842, 
            "y": -4.2256121564548401, 
            "z": 0.0
        }, 
        "10": {
            "x": 20.782484656301392, 
            "y": -3.0221333743187326, 
            "z": 0.0
        }, 
        "11": {
            "x": 21.898862347196154, 
            "y": 1.4603195701645801, 
            "z": 0.0
        }, 
        "12": {
            "x": 20.336303094436122, 
            "y": 4.2665484322642353, 
            "z": 0.0
        }, 
        "2": {
            "neighbors": [
                3
            ], 
            "type": "skeleton_leaf", 
            "x": 21.539781876572228, 
            "y": 3.0985221674876846, 
            "z": 0.0
        }, 
        "3": {
            "neighbors": [
                0, 
                1, 
                2
            ], 
            "type": "skeleton_node", 
            "x": 16.957093628859351, 
            "y": 0.54679802955665135, 
            "z": 0.0
        }, 
        "4": {
            "x": 15.340575334771785, 
            "y": -1.6182623238913427, 
            "z": 0.0
        }, 
        "5": {
            "x": 19.540278824852859, 
            "y": -0.24552259518570552, 
            "z": 0.0
        }, 
        "6": {
            "x": 16.102657105225667, 
            "y": 3.1101076004576993, 
            "z": 0.0
        }, 
        "7": {
            "a": 0.0, 
            "r": 1.5865958157898019, 
            "t": 0.19342832184701741, 
            "x": 12.158128176436733, 
            "y": 4.3937776664270629, 
            "z": 0.0
        }, 
        "8": {
            "x": 11.555519341016451, 
            "y": -0.37858071932601917, 
            "z": 0.0
        }, 
        "9": {
            "x": 17.976255794201734, 
            "y": -4.5846926270787689, 
            "z": 0.0
        }
    }
}