{
    "attributes": {
        "leaf_extend": -0.48924442799718498, 
        "leaf_width": 1.3439084054884136, 
        "name": "Skeleton", 
        "node_width": 2.9161853238080191, 
        "sub_level": 0
    }, 
    "dea": {
        "type": null
    }, 
    "dfa": {}, 
    "dva": {
        "transform": [
            0, 
            0, 
            0
        ], 
        "type": null, 
        "x": 0.0, 
        "y": 0.0, 
        "z": 0.0
    }, 
    "edgedata": {
        "(0, 3)": {
            "type": "skeleton_branch"
        }, 
        "(0, 7)": {}, 
        "(0, 8)": {}, 
        "(1, 10)": {}, 
        "(1, 3)": {
            "type": "skeleton_branch"
        }, 
        "(1, 9)": {}, 
        "(2, 11)": {}, 
        "(2, 12)": {}, 
        "(2, 3)": {
            "type": "skeleton_branch"
        }, 
        "(3, 4)": {}, 
        "(3, 5)": {}, 
        "(3, 6)": {}, 
        "(4, 8)": {}, 
        "(4, 9)": {}, 
        "(5, 10)": {}, 
        "(5, 11)": {}, 
        "(6, 12)": {}, 
        "(6, 7)": {}
    }, 
    "face": {
        "0": [
            "0", 
            "3", 
            "6", 
            "7"
        ], 
        "1": [
            "1", 
            "3", 
            "4", 
            "9"
        ], 
        "2": [
            "2", 
            "3", 
            "5", 
            "11"
        ], 
        "3": [
            "3", 
            "0", 
            "8", 
            "4"
        ], 
        "4": [
            "3", 
            "1", 
            "10", 
            "5"
        ], 
        "5": [
            "3", 
            "2", 
            "12", 
            "6"
        ]
    }, 
    "facedata": {
        "0": {}, 
        "1": {}, 
        "2": {}, 
        "3": {}, 
        "4": {}, 
        "5": {}
    }, 
    "max_int_fkey": 5, 
    "max_int_key": 12, 
    "vertex": {
        "0": {
            "neighbors": [
                3
            ], 
            "type": "skeleton_leaf", 
            "x": 14.064762276860625, 
            "y": 6.6120262608497038, 
            "z": 0.0
        }, 
        "1": {
            "neighbors": [
                3
            ], 
            "type": "skeleton_leaf", 
            "x": 19.614458391524842, 
            "y": -4.2256121564548401, 
            "z": 0.0
        }, 
        "10": {
            "transform": [
                0.0, 
                0.0, 
                0.0
            ], 
            "x": 20.550605379315268, 
            "y": -3.1443727149250673, 
            "z": 0.0
        }, 
        "11": {
            "transform": [
                0.0, 
                0.0, 
                0.0
            ], 
            "x": 21.766126803788694, 
            "y": 1.6863543705909863, 
            "z": 0.0
        }, 
        "12": {
            "transform": [
                0.0, 
                0.0, 
                0.0
            ], 
            "x": 20.458542435042453, 
            "y": 4.0346691552781113, 
            "z": 0.0
        }, 
        "2": {
            "neighbors": [
                3
            ], 
            "type": "skeleton_leaf", 
            "x": 21.539781876572228, 
            "y": 3.0985221674876846, 
            "z": 0.0
        }, 
        "3": {
            "neighbors": [
                0, 
                1, 
                2
            ], 
            "type": "skeleton_node", 
            "x": 16.957093628859351, 
            "y": 0.54679802955665135, 
            "z": 0.0
        }, 
        "4": {
            "x": 17.478560711992923, 
            "y": -2.3223845934217895, 
            "z": 0.0
        }, 
        "5": {
            "x": 19.745081362822265, 
            "y": -0.30834011019950291, 
            "z": 0.0
        }, 
        "6": {
            "x": 17.518452386696875, 
            "y": 3.4084432185681042, 
            "z": 0.0
        }, 
        "7": {
            "transform": [
                1.7235471651248844, 
                -2.5771036794609889, 
                0.0
            ], 
            "x": 17.211938210001009, 
            "y": 4.1717839840827233, 
            "z": 0.0
        }, 
        "8": {
            "transform": [
                0.0, 
                0.0, 
                0.0
            ], 
            "x": 13.062308593505936, 
            "y": 5.5919593388307032, 
            "z": 0.0
        }, 
        "9": {
            "transform": [
                0.0, 
                0.0, 
                0.0
            ], 
            "x": 18.202290594628142, 
            "y": -4.4519570836713083, 
            "z": 0.0
        }
    }
}