{
    "attributes": {
        "leaf_extend": -9.3571870415304179, 
        "leaf_width": 14.001173114875549, 
        "name": "Skeleton", 
        "node_width": 23.005679417079484, 
        "sub_level": 0
    }, 
    "dea": {
        "type": null
    }, 
    "dfa": {}, 
    "dva": {
        "type": null, 
        "x": 0.0, 
        "y": 0.0, 
        "z": 0.0
    }, 
    "edgedata": {
        "(0, 2)": {
            "type": "skeleton_branch"
        }, 
        "(0, 7)": {}, 
        "(0, 8)": {}, 
        "(1, 10)": {}, 
        "(1, 2)": {
            "type": "skeleton_branch"
        }, 
        "(1, 9)": {}, 
        "(2, 3)": {
            "type": "skeleton_branch"
        }, 
        "(2, 4)": {}, 
        "(2, 5)": {}, 
        "(2, 6)": {}, 
        "(3, 11)": {}, 
        "(3, 12)": {}, 
        "(4, 11)": {}, 
        "(4, 8)": {}, 
        "(5, 10)": {}, 
        "(5, 7)": {}, 
        "(6, 12)": {}, 
        "(6, 9)": {}
    }, 
    "face": {
        "0": [
            "0", 
            "2", 
            "5", 
            "7"
        ], 
        "1": [
            "1", 
            "2", 
            "6", 
            "9"
        ], 
        "2": [
            "2", 
            "0", 
            "8", 
            "4"
        ], 
        "3": [
            "2", 
            "1", 
            "10", 
            "5"
        ], 
        "4": [
            "2", 
            "3", 
            "12", 
            "6"
        ], 
        "5": [
            "3", 
            "2", 
            "4", 
            "11"
        ]
    }, 
    "facedata": {
        "0": {}, 
        "1": {}, 
        "2": {}, 
        "3": {}, 
        "4": {}, 
        "5": {}
    }, 
    "max_int_fkey": 5, 
    "max_int_key": 12, 
    "vertex": {
        "0": {
            "neighbors": [
                2
            ], 
            "type": "skeleton_leaf", 
            "x": -24.870071988356244, 
            "y": 32.328368265930038, 
            "z": 0.0
        }, 
        "1": {
            "neighbors": [
                2
            ], 
            "type": "skeleton_leaf", 
            "x": -25.307978227496108, 
            "y": -31.172863434094943, 
            "z": 0.0
        }, 
        "10": {
            "x": -20.222349996197579, 
            "y": -15.119010830563349, 
            "z": 0.0
        }, 
        "11": {
            "x": -104.60412368547277, 
            "y": 14.012206508753099, 
            "z": 0.0
        }, 
        "12": {
            "x": -100.33470877408108, 
            "y": -13.662754930881135, 
            "z": 0.0
        }, 
        "2": {
            "neighbors": [
                1, 
                0, 
                3
            ], 
            "type": "skeleton_node", 
            "x": -56.11503373834924, 
            "y": 7.3258140478640348, 
            "z": 0.0
        }, 
        "3": {
            "neighbors": [
                2
            ], 
            "type": "skeleton_leaf", 
            "x": -111.71720526977771, 
            "y": -1.2519301618195469, 
            "z": 0.0
        }, 
        "4": {
            "x": -75.189180147338092, 
            "y": 20.18809316977288, 
            "z": 0.0
        }, 
        "5": {
            "x": -33.63492058780497, 
            "y": 2.4364584481800238, 
            "z": 0.0
        }, 
        "6": {
            "x": -66.835958571590709, 
            "y": -13.029113025486563, 
            "z": 0.0
        }, 
        "7": {
            "x": -23.428188105382311, 
            "y": 15.55008561272269, 
            "z": 0.0
        }, 
        "8": {
            "x": -40.923924591887832, 
            "y": 37.413996497228574, 
            "z": 0.0
        }, 
        "9": {
            "x": -42.086260880703463, 
            "y": -32.614747317068883, 
            "z": 0.0
        }
    }
}